asking,prices,british,homes,rose,first,time,months,housing,market,showed,signs,calming,turmoil,triggered,former,prime,minister,truss,mini,budget,property,website,rightmove,href,https,reuters,,
saudi,arabia,annual,inflation,rate,ticked,december,november,government,data,showed,sunday,price,rises,driven,mainly,housing,costs,,,,,,,,,,,
jonathan,miller,everyone,trusts,explain,heck,going,home,prices,,,,,,,,,,,,,,,,,,,,
house,prices,likely,fall,around,peak,could,steeper,declines,west,coast,bank,warned,,,,,,,,,,,,,,,,
although,florida,states,income,high,prices,insurance,housing,healthcare,could,mean,residents,save,much,think,,,,,,,,,,,,,,
mortgage,rates,could,remain,high,inflation,indicators,stay,prices,rebound,fannie,said,sees,mild,recession,,,,,,,,,,,,,,
even,millionaires,noticing,grocery,shopping,become,really,expensive,listen,cardi,,,,,,,,,,,,,,,,,,,
housing,largest,measure,consumer,price,index,making,single,influential,component,inflation,,,,,,,,,,,,,,,,,,
highly,paid,remote,workers,drove,house,prices,pandemic,flocking,cities,easier,build,cheaper,homes,,,,,,,,,,,,,,,
housing,price,collapse,coalition,renters,mortgage,holders,emerge,would,doom,conservative,electoral,basethe,conservative,party,good,reason,think,vote,safe,house,prices,victory,could,ascribe,,,,
mortgage,rates,falling,month,remain,today,housing,market,conditions,ease,buyers,find,affordability,year,,,,,,,,,,,,,,,
solution,home,prices,fall,glenn,kelman,said,struggle,millennial,homebuyers,face,barron,live,podcast,episode,,,,,,,,,,,,,,
market,historian,cofounder,blasted,bitcoin,warned,global,housing,slump,underlined,dangers,bear,market,rallies,,,,,,,,,,,,,,,
mortgage,rates,fall,inflation,slows,millennials,could,revive,housing,market,year,,,,,,,,,,,,,,,,,,
halifax,reports,average,house,prices,fell,december,pulling,annual,growth,annual,house,price,growth,continued,slow,december,activity,softens,market,gradually,returns,something,closer,used,,,,
rising,mortgage,rates,caused,housing,market,falter,leading,significant,slowdown,demand,lumber,,,,,,,,,,,,,,,,,
insider,phil,rosen,explains,latest,housing,lumber,data,suggest,home,market,,,,,,,,,,,,,,,,,,
housebuilder,also,cuts,land,purchases,forced,scrap,proposals,plots,business,live,updates,marked,slowdown,housing,market,britain,largest,housebuilder,barratt,developments,introduced,hiring,freeze,,,,,
homebuilder,horton,href,https,reuters,companies,target,blank,beat,estimates,first,quarter,profit,tuesday,helped,higher,home,prices,demand,outpaced,supply,material,labor,shortages,,,,,
kenya,inflation,dipped,year,year,december,month,earlier,statistics,office,said,friday,easing,second,month,lower,food,fuel,prices,,,,,,,,,,
property,crashing,everywhere,except,singapore,asian,city,state,private,residential,prices,year,year,according,third,quarter,data,knight,frank,sharp,contrast,major,cities,like,hong,kong,sydney,,
prospective,buyers,lamented,torrid,pace,canada,real,estate,market,moved,recent,years,many,feel,year,luck,changes,,,,,,,,,,,,
consumer,prices,unexpectedly,fell,first,time,years,december,amid,declining,prices,gasoline,goods,suggesting,inflation,sustained,downward,trend,,,,,,,,,,,
major,gulf,markets,ended,higher,sunday,reflecting,friday,rise,prices,driven,prospects,upbeat,economic,growth,outlook,china,could,signal,increased,fuel,demand,world,second,largest,economy,,,
developers,mortgage,lenders,local,governments,take,steps,ensure,people,affordable,housing,,,,,,,,,,,,,,,,,,
property,market,defied,gravity,years,analysts,rising,mortgage,rates,mirror,price,crashbritain,estate,agents,normally,radiate,optimism,watching,anxiously,noon,next,thursday,bank,england,expect,,,,
scarcity,problem,economists,politicians,want,abundance,agenda,combat,surging,costs,housing,childcare,college,,,,,,,,,,,,,,,,
british,annual,house,price,growth,marked,sharp,slowdown,december,mortgage,lender,nationwide,said,friday,adding,final,month,also,prices,record,worst,since,monthly,basis,,,,,
asian,american,pacific,islander,aapi,households,lower,incomes,experienced,higher,inflation,past,months,rise,costs,food,shelter,fall,prices,altered,inflation,inequality,patterns,,,,,,
href,markets,consumer,prices,fall,december,weekly,jobless,claims,edge,consumer,prices,unexpectedly,fell,first,time,years,december,amid,declining,prices,gasoline,goods,suggesting,,,,,
foreigners,banned,buying,homes,canada,canada,housing,foreign,buyers,know,news,federal,foreign,homebuyers,takes,effect,watch,news,videos,online,global,news,canada,,,,,,
america,affordable,cities,popular,boomtowns,underrated,metros,escaped,pandemic,home,buying,frenzy,,,,,,,,,,,,,,,,,
least,million,people,plan,real,estate,markets,shown,significant,resilience,home,prices,decline,nationwide,,,,,,,,,,,,,,,
likely,overestimating,inflation,needs,aggressive,monetary,policy,economist,jeremy,siegel,said,thursday,,,,,,,,,,,,,,,,,
single,home,sold,november,according,real,estate,data,census,bureau,,,,,,,,,,,,,,,,,,,
existing,home,sales,plunged,year,december,declining,mortgage,rates,raised,cautious,hope,embattled,housing,market,could,close,finding,floor,,,,,,,,,,
chief,economist,says,risks,remain,despite,fall,wholesale,energy,prices,brink,recessionthe,bank,england,chief,economist,warned,high,rates,inflation,could,persist,longer,expected,despite,fall,wholesale,energy,prices
inflation,likely,cooled,december,prices,still,climbing,rapid,rate,meaning,people,work,longer,harder,maintain,standard,living,,,,,,,,,,,,
rents,soared,across,country,certain,codes,reached,heights,average,rent,bedroom,apartment,,,,,,,,,,,,,,,,,
investor,confidence,could,severely,dented,housing,markets,rolling,economy,entering,recession,corporate,profits,starting,fall,,,,,,,,,,,,,,
china,central,bank,banking,insurance,regulator,established,dynamic,adjustment,mechanism,mortgage,rates,first,time,home,buyers,central,bank,said,thursday,support,property,sector,,,,,,
even,rents,continue,climb,across,country,renting,still,cheaper,monthly,payments,purchased,home,largest,cities,december,according,report,realtor,renting,costs,nearly,less,month,buying,,,,
bofa,issued,double,upgrade,zillow,rating,underperform,bumped,price,objective,share,,,,,,,,,,,,,,,,,,
nerdwallet,latest,home,buying,survey,shows,buyers,hoping,grab,home,less,median,home,price,,,,,,,,,,,,,,,
shares,chinese,property,developers,climbed,friday,lifted,state,support,measures,bolster,highly,indebted,sector,china,prepares,reopen,pandemic,economy,,,,,,,,,,
third,week,mortgage,interest,rates,fell,triggering,increase,mortgage,applications,,,,,,,,,,,,,,,,,,,
figure,comes,property,values,drop,december,decline,novemberthe,average,house,price,fell,fourth,month,december,according,halifax,property,values,decreased,december,,,,,,,,
british,house,prices,registered,widespread,falls,years,last,month,buyer,demand,sales,activity,weakened,sharply,expected,face,higher,borrowing,costs,risk,recession,survey,showed,thursday,,,,
ultra,rates,desire,room,lockdown,drove,house,prices,heights,many,moved,sufferingin,summer,british,society,emerged,months,covid,lockdown,housing,market,reopened,,,,,,,
people,paying,month,rent,explore,options,could,help,housing,coststhe,cost,renting,home,soared,prompting,tenants,seek,cheaper,options,could,save,thousands,pounds,year,cost,,,,
americans,moved,places,greatest,numbers,last,year,small,town,charm,affordability,sunshine,access,jobs,,,,,,,,,,,,,,,
measure,enacted,tackle,pressing,issue,housing,affordability,country,,,,,,,,,,,,,,,,,,,,,
tories,weak,resist,call,individualistic,profit,says,angele,david,guillou,plus,letters,geoffrey,payne,stephen,hillas,many,working,people,prospect,ever,able,home,lifetime,,,,,
everything,goes,must,come,inflation,made,hard,believe,last,year,prices,went,expected,come,year,inflation,peaked,june,gradu,,,,,,,,,,
might,assume,home,prices,would,decline,area,recently,wrecked,hurricane,study,finds,opposite,true,post,storm,price,hikes,could,major,driver,known,climate,gentrification,read,,,,
israel,posted,inflation,rate,israel,central,bureau,statistics,said,sunday,citing,gains,housing,food,transportation,telecommunications,prices,,,,,,,,,,,,
housing,market,remains,doldrums,declining,sales,inventory,prices,khater,chief,economist,freddie,said,,,,,,,,,,,,,,,,
canada,closing,doors,foreign,investors,want,purchase,homes,,,,,,,,,,,,,,,,,,,,,
rising,home,prices,rentals,large,indian,cities,could,pose,challenge,country,central,bank,fight,inflation,even,though,headline,consumer,price,rises,likely,peaked,analysts,warn,,,,
british,house,prices,look,track,fall,around,economists,japanese,bank,nomura,said,thursday,severe,drop,forecasters,projected,,,,,,,,,,,,
asking,prices,british,homes,rose,first,time,months,housing,market,showed,signs,calming,turmoil,triggered,former,prime,minister,truss,mini,budget,property,website,rightmove,href,https,reuters,,
saudi,arabia,annual,inflation,rate,ticked,december,november,government,data,showed,sunday,price,rises,driven,mainly,housing,costs,,,,,,,,,,,
jonathan,miller,everyone,trusts,explain,heck,going,home,prices,,,,,,,,,,,,,,,,,,,,
house,prices,likely,fall,around,peak,could,steeper,declines,west,coast,bank,warned,,,,,,,,,,,,,,,,
although,florida,states,income,high,prices,insurance,housing,healthcare,could,mean,residents,save,much,think,,,,,,,,,,,,,,
mortgage,rates,could,remain,high,inflation,indicators,stay,prices,rebound,fannie,said,sees,mild,recession,,,,,,,,,,,,,,
even,millionaires,noticing,grocery,shopping,become,really,expensive,listen,cardi,,,,,,,,,,,,,,,,,,,
housing,largest,measure,consumer,price,index,making,single,influential,component,inflation,,,,,,,,,,,,,,,,,,
highly,paid,remote,workers,drove,house,prices,pandemic,flocking,cities,easier,build,cheaper,homes,,,,,,,,,,,,,,,
housing,price,collapse,coalition,renters,mortgage,holders,emerge,would,doom,conservative,electoral,basethe,conservative,party,good,reason,think,vote,safe,house,prices,victory,could,ascribe,,,,
mortgage,rates,falling,month,remain,today,housing,market,conditions,ease,buyers,find,affordability,year,,,,,,,,,,,,,,,
solution,home,prices,fall,glenn,kelman,said,struggle,millennial,homebuyers,face,barron,live,podcast,episode,,,,,,,,,,,,,,
market,historian,cofounder,blasted,bitcoin,warned,global,housing,slump,underlined,dangers,bear,market,rallies,,,,,,,,,,,,,,,
mortgage,rates,fall,inflation,slows,millennials,could,revive,housing,market,year,,,,,,,,,,,,,,,,,,
halifax,reports,average,house,prices,fell,december,pulling,annual,growth,annual,house,price,growth,continued,slow,december,activity,softens,market,gradually,returns,something,closer,used,,,,
rising,mortgage,rates,caused,housing,market,falter,leading,significant,slowdown,demand,lumber,,,,,,,,,,,,,,,,,
insider,phil,rosen,explains,latest,housing,lumber,data,suggest,home,market,,,,,,,,,,,,,,,,,,
housebuilder,also,cuts,land,purchases,forced,scrap,proposals,plots,business,live,updates,marked,slowdown,housing,market,britain,largest,housebuilder,barratt,developments,introduced,hiring,freeze,,,,,
homebuilder,horton,href,https,reuters,companies,target,blank,beat,estimates,first,quarter,profit,tuesday,helped,higher,home,prices,demand,outpaced,supply,material,labor,shortages,,,,,
kenya,inflation,dipped,year,year,december,month,earlier,statistics,office,said,friday,easing,second,month,lower,food,fuel,prices,,,,,,,,,,
property,crashing,everywhere,except,singapore,asian,city,state,private,residential,prices,year,year,according,third,quarter,data,knight,frank,sharp,contrast,major,cities,like,hong,kong,sydney,,
prospective,buyers,lamented,torrid,pace,canada,real,estate,market,moved,recent,years,many,feel,year,luck,changes,,,,,,,,,,,,
consumer,prices,unexpectedly,fell,first,time,years,december,amid,declining,prices,gasoline,goods,suggesting,inflation,sustained,downward,trend,,,,,,,,,,,
major,gulf,markets,ended,higher,sunday,reflecting,friday,rise,prices,driven,prospects,upbeat,economic,growth,outlook,china,could,signal,increased,fuel,demand,world,second,largest,economy,,,
developers,mortgage,lenders,local,governments,take,steps,ensure,people,affordable,housing,,,,,,,,,,,,,,,,,,
property,market,defied,gravity,years,analysts,rising,mortgage,rates,mirror,price,crashbritain,estate,agents,normally,radiate,optimism,watching,anxiously,noon,next,thursday,bank,england,expect,,,,
scarcity,problem,economists,politicians,want,abundance,agenda,combat,surging,costs,housing,childcare,college,,,,,,,,,,,,,,,,
british,annual,house,price,growth,marked,sharp,slowdown,december,mortgage,lender,nationwide,said,friday,adding,final,month,also,prices,record,worst,since,monthly,basis,,,,,
asian,american,pacific,islander,aapi,households,lower,incomes,experienced,higher,inflation,past,months,rise,costs,food,shelter,fall,prices,altered,inflation,inequality,patterns,,,,,,
href,markets,consumer,prices,fall,december,weekly,jobless,claims,edge,consumer,prices,unexpectedly,fell,first,time,years,december,amid,declining,prices,gasoline,goods,suggesting,,,,,
foreigners,banned,buying,homes,canada,canada,housing,foreign,buyers,know,news,federal,foreign,homebuyers,takes,effect,watch,news,videos,online,global,news,canada,,,,,,
america,affordable,cities,popular,boomtowns,underrated,metros,escaped,pandemic,home,buying,frenzy,,,,,,,,,,,,,,,,,
least,million,people,plan,real,estate,markets,shown,significant,resilience,home,prices,decline,nationwide,,,,,,,,,,,,,,,
likely,overestimating,inflation,needs,aggressive,monetary,policy,economist,jeremy,siegel,said,thursday,,,,,,,,,,,,,,,,,
single,home,sold,november,according,real,estate,data,census,bureau,,,,,,,,,,,,,,,,,,,
existing,home,sales,plunged,year,december,declining,mortgage,rates,raised,cautious,hope,embattled,housing,market,could,close,finding,floor,,,,,,,,,,
chief,economist,says,risks,remain,despite,fall,wholesale,energy,prices,brink,recessionthe,bank,england,chief,economist,warned,high,rates,inflation,could,persist,longer,expected,despite,fall,wholesale,energy,prices
inflation,likely,cooled,december,prices,still,climbing,rapid,rate,meaning,people,work,longer,harder,maintain,standard,living,,,,,,,,,,,,
rents,soared,across,country,certain,codes,reached,heights,average,rent,bedroom,apartment,,,,,,,,,,,,,,,,,
investor,confidence,could,severely,dented,housing,markets,rolling,economy,entering,recession,corporate,profits,starting,fall,,,,,,,,,,,,,,
china,central,bank,banking,insurance,regulator,established,dynamic,adjustment,mechanism,mortgage,rates,first,time,home,buyers,central,bank,said,thursday,support,property,sector,,,,,,
even,rents,continue,climb,across,country,renting,still,cheaper,monthly,payments,purchased,home,largest,cities,december,according,report,realtor,renting,costs,nearly,less,month,buying,,,,
bofa,issued,double,upgrade,zillow,rating,underperform,bumped,price,objective,share,,,,,,,,,,,,,,,,,,
nerdwallet,latest,home,buying,survey,shows,buyers,hoping,grab,home,less,median,home,price,,,,,,,,,,,,,,,
shares,chinese,property,developers,climbed,friday,lifted,state,support,measures,bolster,highly,indebted,sector,china,prepares,reopen,pandemic,economy,,,,,,,,,,
third,week,mortgage,interest,rates,fell,triggering,increase,mortgage,applications,,,,,,,,,,,,,,,,,,,
figure,comes,property,values,drop,december,decline,novemberthe,average,house,price,fell,fourth,month,december,according,halifax,property,values,decreased,december,,,,,,,,
british,house,prices,registered,widespread,falls,years,last,month,buyer,demand,sales,activity,weakened,sharply,expected,face,higher,borrowing,costs,risk,recession,survey,showed,thursday,,,,
ultra,rates,desire,room,lockdown,drove,house,prices,heights,many,moved,sufferingin,summer,british,society,emerged,months,covid,lockdown,housing,market,reopened,,,,,,,
people,paying,month,rent,explore,options,could,help,housing,coststhe,cost,renting,home,soared,prompting,tenants,seek,cheaper,options,could,save,thousands,pounds,year,cost,,,,
americans,moved,places,greatest,numbers,last,year,small,town,charm,affordability,sunshine,access,jobs,,,,,,,,,,,,,,,
measure,enacted,tackle,pressing,issue,housing,affordability,country,,,,,,,,,,,,,,,,,,,,,
tories,weak,resist,call,individualistic,profit,says,angele,david,guillou,plus,letters,geoffrey,payne,stephen,hillas,many,working,people,prospect,ever,able,home,lifetime,,,,,
everything,goes,must,come,inflation,made,hard,believe,last,year,prices,went,expected,come,year,inflation,peaked,june,gradu,,,,,,,,,,
might,assume,home,prices,would,decline,area,recently,wrecked,hurricane,study,finds,opposite,true,post,storm,price,hikes,could,major,driver,known,climate,gentrification,read,,,,
israel,posted,inflation,rate,israel,central,bureau,statistics,said,sunday,citing,gains,housing,food,transportation,telecommunications,prices,,,,,,,,,,,,
housing,market,remains,doldrums,declining,sales,inventory,prices,khater,chief,economist,freddie,said,,,,,,,,,,,,,,,,
canada,closing,doors,foreign,investors,want,purchase,homes,,,,,,,,,,,,,,,,,,,,,
rising,home,prices,rentals,large,indian,cities,could,pose,challenge,country,central,bank,fight,inflation,even,though,headline,consumer,price,rises,likely,peaked,analysts,warn,,,,
british,house,prices,look,track,fall,around,economists,japanese,bank,nomura,said,thursday,severe,drop,forecasters,projected,,,,,,,,,,,,
asking,prices,british,homes,rose,first,time,months,housing,market,showed,signs,calming,turmoil,triggered,former,prime,minister,truss,mini,budget,property,website,rightmove,href,https,reuters,,
saudi,arabia,annual,inflation,rate,ticked,december,november,government,data,showed,sunday,price,rises,driven,mainly,housing,costs,,,,,,,,,,,
jonathan,miller,everyone,trusts,explain,heck,going,home,prices,,,,,,,,,,,,,,,,,,,,
house,prices,likely,fall,around,peak,could,steeper,declines,west,coast,bank,warned,,,,,,,,,,,,,,,,
although,florida,states,income,high,prices,insurance,housing,healthcare,could,mean,residents,save,much,think,,,,,,,,,,,,,,
mortgage,rates,could,remain,high,inflation,indicators,stay,prices,rebound,fannie,said,sees,mild,recession,,,,,,,,,,,,,,
even,millionaires,noticing,grocery,shopping,become,really,expensive,listen,cardi,,,,,,,,,,,,,,,,,,,
housing,largest,measure,consumer,price,index,making,single,influential,component,inflation,,,,,,,,,,,,,,,,,,
highly,paid,remote,workers,drove,house,prices,pandemic,flocking,cities,easier,build,cheaper,homes,,,,,,,,,,,,,,,
housing,price,collapse,coalition,renters,mortgage,holders,emerge,would,doom,conservative,electoral,basethe,conservative,party,good,reason,think,vote,safe,house,prices,victory,could,ascribe,,,,
mortgage,rates,falling,month,remain,today,housing,market,conditions,ease,buyers,find,affordability,year,,,,,,,,,,,,,,,
solution,home,prices,fall,glenn,kelman,said,struggle,millennial,homebuyers,face,barron,live,podcast,episode,,,,,,,,,,,,,,
market,historian,cofounder,blasted,bitcoin,warned,global,housing,slump,underlined,dangers,bear,market,rallies,,,,,,,,,,,,,,,
mortgage,rates,fall,inflation,slows,millennials,could,revive,housing,market,year,,,,,,,,,,,,,,,,,,
halifax,reports,average,house,prices,fell,december,pulling,annual,growth,annual,house,price,growth,continued,slow,december,activity,softens,market,gradually,returns,something,closer,used,,,,
rising,mortgage,rates,caused,housing,market,falter,leading,significant,slowdown,demand,lumber,,,,,,,,,,,,,,,,,
insider,phil,rosen,explains,latest,housing,lumber,data,suggest,home,market,,,,,,,,,,,,,,,,,,
housebuilder,also,cuts,land,purchases,forced,scrap,proposals,plots,business,live,updates,marked,slowdown,housing,market,britain,largest,housebuilder,barratt,developments,introduced,hiring,freeze,,,,,
homebuilder,horton,href,https,reuters,companies,target,blank,beat,estimates,first,quarter,profit,tuesday,helped,higher,home,prices,demand,outpaced,supply,material,labor,shortages,,,,,
kenya,inflation,dipped,year,year,december,month,earlier,statistics,office,said,friday,easing,second,month,lower,food,fuel,prices,,,,,,,,,,
property,crashing,everywhere,except,singapore,asian,city,state,private,residential,prices,year,year,according,third,quarter,data,knight,frank,sharp,contrast,major,cities,like,hong,kong,sydney,,
prospective,buyers,lamented,torrid,pace,canada,real,estate,market,moved,recent,years,many,feel,year,luck,changes,,,,,,,,,,,,
consumer,prices,unexpectedly,fell,first,time,years,december,amid,declining,prices,gasoline,goods,suggesting,inflation,sustained,downward,trend,,,,,,,,,,,
major,gulf,markets,ended,higher,sunday,reflecting,friday,rise,prices,driven,prospects,upbeat,economic,growth,outlook,china,could,signal,increased,fuel,demand,world,second,largest,economy,,,
developers,mortgage,lenders,local,governments,take,steps,ensure,people,affordable,housing,,,,,,,,,,,,,,,,,,
property,market,defied,gravity,years,analysts,rising,mortgage,rates,mirror,price,crashbritain,estate,agents,normally,radiate,optimism,watching,anxiously,noon,next,thursday,bank,england,expect,,,,
scarcity,problem,economists,politicians,want,abundance,agenda,combat,surging,costs,housing,childcare,college,,,,,,,,,,,,,,,,
british,annual,house,price,growth,marked,sharp,slowdown,december,mortgage,lender,nationwide,said,friday,adding,final,month,also,prices,record,worst,since,monthly,basis,,,,,
asian,american,pacific,islander,aapi,households,lower,incomes,experienced,higher,inflation,past,months,rise,costs,food,shelter,fall,prices,altered,inflation,inequality,patterns,,,,,,
href,markets,consumer,prices,fall,december,weekly,jobless,claims,edge,consumer,prices,unexpectedly,fell,first,time,years,december,amid,declining,prices,gasoline,goods,suggesting,,,,,
foreigners,banned,buying,homes,canada,canada,housing,foreign,buyers,know,news,federal,foreign,homebuyers,takes,effect,watch,news,videos,online,global,news,canada,,,,,,
america,affordable,cities,popular,boomtowns,underrated,metros,escaped,pandemic,home,buying,frenzy,,,,,,,,,,,,,,,,,
least,million,people,plan,real,estate,markets,shown,significant,resilience,home,prices,decline,nationwide,,,,,,,,,,,,,,,
likely,overestimating,inflation,needs,aggressive,monetary,policy,economist,jeremy,siegel,said,thursday,,,,,,,,,,,,,,,,,
single,home,sold,november,according,real,estate,data,census,bureau,,,,,,,,,,,,,,,,,,,
existing,home,sales,plunged,year,december,declining,mortgage,rates,raised,cautious,hope,embattled,housing,market,could,close,finding,floor,,,,,,,,,,
chief,economist,says,risks,remain,despite,fall,wholesale,energy,prices,brink,recessionthe,bank,england,chief,economist,warned,high,rates,inflation,could,persist,longer,expected,despite,fall,wholesale,energy,prices
inflation,likely,cooled,december,prices,still,climbing,rapid,rate,meaning,people,work,longer,harder,maintain,standard,living,,,,,,,,,,,,
rents,soared,across,country,certain,codes,reached,heights,average,rent,bedroom,apartment,,,,,,,,,,,,,,,,,
investor,confidence,could,severely,dented,housing,markets,rolling,economy,entering,recession,corporate,profits,starting,fall,,,,,,,,,,,,,,
china,central,bank,banking,insurance,regulator,established,dynamic,adjustment,mechanism,mortgage,rates,first,time,home,buyers,central,bank,said,thursday,support,property,sector,,,,,,
even,rents,continue,climb,across,country,renting,still,cheaper,monthly,payments,purchased,home,largest,cities,december,according,report,realtor,renting,costs,nearly,less,month,buying,,,,
bofa,issued,double,upgrade,zillow,rating,underperform,bumped,price,objective,share,,,,,,,,,,,,,,,,,,
nerdwallet,latest,home,buying,survey,shows,buyers,hoping,grab,home,less,median,home,price,,,,,,,,,,,,,,,
shares,chinese,property,developers,climbed,friday,lifted,state,support,measures,bolster,highly,indebted,sector,china,prepares,reopen,pandemic,economy,,,,,,,,,,
third,week,mortgage,interest,rates,fell,triggering,increase,mortgage,applications,,,,,,,,,,,,,,,,,,,
figure,comes,property,values,drop,december,decline,novemberthe,average,house,price,fell,fourth,month,december,according,halifax,property,values,decreased,december,,,,,,,,
british,house,prices,registered,widespread,falls,years,last,month,buyer,demand,sales,activity,weakened,sharply,expected,face,higher,borrowing,costs,risk,recession,survey,showed,thursday,,,,
ultra,rates,desire,room,lockdown,drove,house,prices,heights,many,moved,sufferingin,summer,british,society,emerged,months,covid,lockdown,housing,market,reopened,,,,,,,
people,paying,month,rent,explore,options,could,help,housing,coststhe,cost,renting,home,soared,prompting,tenants,seek,cheaper,options,could,save,thousands,pounds,year,cost,,,,
americans,moved,places,greatest,numbers,last,year,small,town,charm,affordability,sunshine,access,jobs,,,,,,,,,,,,,,,
measure,enacted,tackle,pressing,issue,housing,affordability,country,,,,,,,,,,,,,,,,,,,,,
tories,weak,resist,call,individualistic,profit,says,angele,david,guillou,plus,letters,geoffrey,payne,stephen,hillas,many,working,people,prospect,ever,able,home,lifetime,,,,,
everything,goes,must,come,inflation,made,hard,believe,last,year,prices,went,expected,come,year,inflation,peaked,june,gradu,,,,,,,,,,
might,assume,home,prices,would,decline,area,recently,wrecked,hurricane,study,finds,opposite,true,post,storm,price,hikes,could,major,driver,known,climate,gentrification,read,,,,
israel,posted,inflation,rate,israel,central,bureau,statistics,said,sunday,citing,gains,housing,food,transportation,telecommunications,prices,,,,,,,,,,,,
housing,market,remains,doldrums,declining,sales,inventory,prices,khater,chief,economist,freddie,said,,,,,,,,,,,,,,,,
canada,closing,doors,foreign,investors,want,purchase,homes,,,,,,,,,,,,,,,,,,,,,
rising,home,prices,rentals,large,indian,cities,could,pose,challenge,country,central,bank,fight,inflation,even,though,headline,consumer,price,rises,likely,peaked,analysts,warn,,,,
british,house,prices,look,track,fall,around,economists,japanese,bank,nomura,said,thursday,severe,drop,forecasters,projected,,,,,,,,,,,,
asking,prices,british,homes,rose,first,time,months,housing,market,showed,signs,calming,turmoil,triggered,former,prime,minister,truss,mini,budget,property,website,rightmove,href,https,reuters,,
saudi,arabia,annual,inflation,rate,ticked,december,november,government,data,showed,sunday,price,rises,driven,mainly,housing,costs,,,,,,,,,,,
jonathan,miller,everyone,trusts,explain,heck,going,home,prices,,,,,,,,,,,,,,,,,,,,
house,prices,likely,fall,around,peak,could,steeper,declines,west,coast,bank,warned,,,,,,,,,,,,,,,,
although,florida,states,income,high,prices,insurance,housing,healthcare,could,mean,residents,save,much,think,,,,,,,,,,,,,,
mortgage,rates,could,remain,high,inflation,indicators,stay,prices,rebound,fannie,said,sees,mild,recession,,,,,,,,,,,,,,
even,millionaires,noticing,grocery,shopping,become,really,expensive,listen,cardi,,,,,,,,,,,,,,,,,,,
housing,largest,measure,consumer,price,index,making,single,influential,component,inflation,,,,,,,,,,,,,,,,,,
highly,paid,remote,workers,drove,house,prices,pandemic,flocking,cities,easier,build,cheaper,homes,,,,,,,,,,,,,,,
housing,price,collapse,coalition,renters,mortgage,holders,emerge,would,doom,conservative,electoral,basethe,conservative,party,good,reason,think,vote,safe,house,prices,victory,could,ascribe,,,,
mortgage,rates,falling,month,remain,today,housing,market,conditions,ease,buyers,find,affordability,year,,,,,,,,,,,,,,,
solution,home,prices,fall,glenn,kelman,said,struggle,millennial,homebuyers,face,barron,live,podcast,episode,,,,,,,,,,,,,,
market,historian,cofounder,blasted,bitcoin,warned,global,housing,slump,underlined,dangers,bear,market,rallies,,,,,,,,,,,,,,,
mortgage,rates,fall,inflation,slows,millennials,could,revive,housing,market,year,,,,,,,,,,,,,,,,,,
halifax,reports,average,house,prices,fell,december,pulling,annual,growth,annual,house,price,growth,continued,slow,december,activity,softens,market,gradually,returns,something,closer,used,,,,
rising,mortgage,rates,caused,housing,market,falter,leading,significant,slowdown,demand,lumber,,,,,,,,,,,,,,,,,
insider,phil,rosen,explains,latest,housing,lumber,data,suggest,home,market,,,,,,,,,,,,,,,,,,
housebuilder,also,cuts,land,purchases,forced,scrap,proposals,plots,business,live,updates,marked,slowdown,housing,market,britain,largest,housebuilder,barratt,developments,introduced,hiring,freeze,,,,,
homebuilder,horton,href,https,reuters,companies,target,blank,beat,estimates,first,quarter,profit,tuesday,helped,higher,home,prices,demand,outpaced,supply,material,labor,shortages,,,,,
kenya,inflation,dipped,year,year,december,month,earlier,statistics,office,said,friday,easing,second,month,lower,food,fuel,prices,,,,,,,,,,
property,crashing,everywhere,except,singapore,asian,city,state,private,residential,prices,year,year,according,third,quarter,data,knight,frank,sharp,contrast,major,cities,like,hong,kong,sydney,,
prospective,buyers,lamented,torrid,pace,canada,real,estate,market,moved,recent,years,many,feel,year,luck,changes,,,,,,,,,,,,
consumer,prices,unexpectedly,fell,first,time,years,december,amid,declining,prices,gasoline,goods,suggesting,inflation,sustained,downward,trend,,,,,,,,,,,
major,gulf,markets,ended,higher,sunday,reflecting,friday,rise,prices,driven,prospects,upbeat,economic,growth,outlook,china,could,signal,increased,fuel,demand,world,second,largest,economy,,,
developers,mortgage,lenders,local,governments,take,steps,ensure,people,affordable,housing,,,,,,,,,,,,,,,,,,
property,market,defied,gravity,years,analysts,rising,mortgage,rates,mirror,price,crashbritain,estate,agents,normally,radiate,optimism,watching,anxiously,noon,next,thursday,bank,england,expect,,,,
scarcity,problem,economists,politicians,want,abundance,agenda,combat,surging,costs,housing,childcare,college,,,,,,,,,,,,,,,,
british,annual,house,price,growth,marked,sharp,slowdown,december,mortgage,lender,nationwide,said,friday,adding,final,month,also,prices,record,worst,since,monthly,basis,,,,,
asian,american,pacific,islander,aapi,households,lower,incomes,experienced,higher,inflation,past,months,rise,costs,food,shelter,fall,prices,altered,inflation,inequality,patterns,,,,,,
href,markets,consumer,prices,fall,december,weekly,jobless,claims,edge,consumer,prices,unexpectedly,fell,first,time,years,december,amid,declining,prices,gasoline,goods,suggesting,,,,,
foreigners,banned,buying,homes,canada,canada,housing,foreign,buyers,know,news,federal,foreign,homebuyers,takes,effect,watch,news,videos,online,global,news,canada,,,,,,
america,affordable,cities,popular,boomtowns,underrated,metros,escaped,pandemic,home,buying,frenzy,,,,,,,,,,,,,,,,,
least,million,people,plan,real,estate,markets,shown,significant,resilience,home,prices,decline,nationwide,,,,,,,,,,,,,,,
likely,overestimating,inflation,needs,aggressive,monetary,policy,economist,jeremy,siegel,said,thursday,,,,,,,,,,,,,,,,,
single,home,sold,november,according,real,estate,data,census,bureau,,,,,,,,,,,,,,,,,,,
existing,home,sales,plunged,year,december,declining,mortgage,rates,raised,cautious,hope,embattled,housing,market,could,close,finding,floor,,,,,,,,,,
chief,economist,says,risks,remain,despite,fall,wholesale,energy,prices,brink,recessionthe,bank,england,chief,economist,warned,high,rates,inflation,could,persist,longer,expected,despite,fall,wholesale,energy,prices
inflation,likely,cooled,december,prices,still,climbing,rapid,rate,meaning,people,work,longer,harder,maintain,standard,living,,,,,,,,,,,,
rents,soared,across,country,certain,codes,reached,heights,average,rent,bedroom,apartment,,,,,,,,,,,,,,,,,
investor,confidence,could,severely,dented,housing,markets,rolling,economy,entering,recession,corporate,profits,starting,fall,,,,,,,,,,,,,,
china,central,bank,banking,insurance,regulator,established,dynamic,adjustment,mechanism,mortgage,rates,first,time,home,buyers,central,bank,said,thursday,support,property,sector,,,,,,
even,rents,continue,climb,across,country,renting,still,cheaper,monthly,payments,purchased,home,largest,cities,december,according,report,realtor,renting,costs,nearly,less,month,buying,,,,
bofa,issued,double,upgrade,zillow,rating,underperform,bumped,price,objective,share,,,,,,,,,,,,,,,,,,
nerdwallet,latest,home,buying,survey,shows,buyers,hoping,grab,home,less,median,home,price,,,,,,,,,,,,,,,
shares,chinese,property,developers,climbed,friday,lifted,state,support,measures,bolster,highly,indebted,sector,china,prepares,reopen,pandemic,economy,,,,,,,,,,
third,week,mortgage,interest,rates,fell,triggering,increase,mortgage,applications,,,,,,,,,,,,,,,,,,,
figure,comes,property,values,drop,december,decline,novemberthe,average,house,price,fell,fourth,month,december,according,halifax,property,values,decreased,december,,,,,,,,
british,house,prices,registered,widespread,falls,years,last,month,buyer,demand,sales,activity,weakened,sharply,expected,face,higher,borrowing,costs,risk,recession,survey,showed,thursday,,,,
ultra,rates,desire,room,lockdown,drove,house,prices,heights,many,moved,sufferingin,summer,british,society,emerged,months,covid,lockdown,housing,market,reopened,,,,,,,
people,paying,month,rent,explore,options,could,help,housing,coststhe,cost,renting,home,soared,prompting,tenants,seek,cheaper,options,could,save,thousands,pounds,year,cost,,,,
americans,moved,places,greatest,numbers,last,year,small,town,charm,affordability,sunshine,access,jobs,,,,,,,,,,,,,,,
measure,enacted,tackle,pressing,issue,housing,affordability,country,,,,,,,,,,,,,,,,,,,,,
tories,weak,resist,call,individualistic,profit,says,angele,david,guillou,plus,letters,geoffrey,payne,stephen,hillas,many,working,people,prospect,ever,able,home,lifetime,,,,,
none,,,,,,,,,,,,,,,,,,,,,,,,,,,,
tony,stanol,year,advertising,recruiter,said,many,newcomers,moving,florida,spoiled,pocket,paradise,,,,,,,,,,,,,,,,
hopes,glengarry,affordable,woodland,homes,scheme,could,provide,answers,scotland,rural,housing,crisis,exciting,said,colin,grant,fifth,generation,farmer,glengarry,near,fort,william,grant,seen,community,dwindle,decades
protections,impact,million,households,come,time,demand,rental,units,near,time,high,,,,,,,,,,,,,,,,,
export,oriented,ftse,edged,higher,monday,banks,life,insurance,companies,among,gainers,investors,looked,ahead,week,lined,domestic,economic,data,including,inflation,,,,,,,
blaming,housing,crisis,hedge,funds,private,equity,easy,dead,wrong,,,,,,,,,,,,,,,,,,,
none,,,,,,,,,,,,,,,,,,,,,,,,,,,,
bofa,anticipating,drop,year,mortgage,rate,year,move,favorable,homebuilding,stocks,,,,,,,,,,,,,,,,,,
british,housebuilders,dividends,preserve,cash,ride,property,downturn,high,mortgage,rates,make,homes,less,affordable,economic,uncertainty,deters,buyers,,,,,,,,,,
none,,,,,,,,,,,,,,,,,,,,,,,,,,,,
none,,,,,,,,,,,,,,,,,,,,,,,,,,,,
warnings,thousands,excess,deaths,winter,official,data,highlights,plight,vulnerablemore,people,england,wales,living,homes,without,central,heating,winter,elderly,according,,,,,,,,
indian,rupee,briefly,rose,dollar,level,closely,watched,traders,unable,pierce,convincingly,,,,,,,,,,,,,,,,,
lawsuits,driven,unhappy,consumers,negative,emotional,experience,real,estate,transaction,expert,told,insider,,,,,,,,,,,,,,,,
reading,time,minutes,,,,,,,,,,,,,,,,,,,,,,,,,,
demand,homes,gone,throughout,country,particularly,certain,places,seattle,tampa,florida,,,,,,,,,,,,,,,,,,
none,,,,,,,,,,,,,,,,,,,,,,,,,,,,
today,year,rates,hover,year,rates,rates,likely,keep,decreasing,,,,,,,,,,,,,,,,,,,
average,year,fixed,mortgage,rates,remain,around,today,lower,rates,expected,trend,year,,,,,,,,,,,,,,,,
mortgage,rates,lower,today,beginning,january,bought,home,rates,high,want,refinance,,,,,,,,,,,,,,,,,
mortgage,rates,slightly,lower,today,beginning,week,start,substantial,rate,drops,later,year,,,,,,,,,,,,,,,,
mortgage,rates,remain,relatively,today,major,forecasts,expect,rates,drop,,,,,,,,,,,,,,,,,,,
mortgage,rates,falling,remain,today,rates,continue,trend,buyers,able,find,homes,budgets,,,,,,,,,,,,,,,,
mortgage,rates,trended,month,holding,steady,today,inflation,eases,rates,likely,continue,fall,,,,,,,,,,,,,,,,
cooking,tips,takeaways,among,community,offerings,centre,benefit,guardian,observer,charity,appealmarianne,daly,turned,ancient,staple,help,women,west,belfast,weather,cost,living,crisis,lentils,,,,
investors,foresee,federal,open,market,committee,downshifting,rate,hikes,february,march,,,,,,,,,,,,,,,,,,
greenspan,believes,recession,likely,thanks,aggressive,rate,hikes,intended,fight,inflation,,,,,,,,,,,,,,,,,,
mortgage,rates,holding,steady,today,coming,months,rates,start,trend,inflation,continues,slow,,,,,,,,,,,,,,,,
mortgage,rates,increased,somewhat,last,week,remain,elevated,today,rates,expected,start,trending,year,,,,,,,,,,,,,,,
mortgage,rates,ticked,slightly,today,remain,overall,compared,peaked,start,month,,,,,,,,,,,,,,,,,,
mortgage,rates,dropping,past,weeks,holding,steady,today,markets,await,another,likely,rate,hike,,,,,,,,,,,,,,,
britain,recession,however,relatively,mild,although,forecasting,gamewar,europe,political,turmoil,stagnant,economy,soaring,energy,bills,highest,inflation,rate,four,decades,higher,interest,rates,,,,,
none,,,,,,,,,,,,,,,,,,,,,,,,,,,,
none,,,,,,,,,,,,,,,,,,,,,,,,,,,,
none,,,,,,,,,,,,,,,,,,,,,,,,,,,,
price,spot,iron,major,beneficiaries,expectations,strong,demand,china,opens,economy,abandoning,strict,zero,covid,policy,,,,,,,,,,,,,
owning,home,still,cornerstone,american,dream,many,build,wealth,happens,pandemic,economic,headwinds,make,feel,reach,,,,,,,,,,,,,
none,,,,,,,,,,,,,,,,,,,,,,,,,,,,
chairman,jerome,powell,said,conference,stockholm,restoring,price,stability,requires,unpopular,decisions,,,,,,,,,,,,,,,,,
worries,grew,federal,reserve,central,banks,willing,bring,recession,control,inflation,stock,prices,plunged,december,,,,,,,,,,,,,,
mortgage,rates,fall,inflation,slows,millennials,could,revive,housing,market,year,,,,,,,,,,,,,,,,,,
market,historian,cofounder,blasted,bitcoin,warned,global,housing,slump,underlined,dangers,bear,market,rallies,,,,,,,,,,,,,,,
everything,goes,must,come,inflation,made,hard,believe,last,year,prices,went,expected,come,year,inflation,peaked,june,gradu,,,,,,,,,,
housebuilder,also,cuts,land,purchases,forced,scrap,proposals,plots,business,live,updates,marked,slowdown,housing,market,britain,largest,housebuilder,barratt,developments,introduced,hiring,freeze,,,,,
insider,phil,rosen,explains,latest,housing,lumber,data,suggest,home,market,,,,,,,,,,,,,,,,,,
bank,announced,significantly,shifting,focus,taking,step,back,housing,market,,,,,,,,,,,,,,,,,,,
modest,drop,mortgage,rates,past,month,helped,home,builder,confidence,improve,january,consecutive,months,falling,according,survey,released,wednesday,,,,,,,,,,
contracts,previously,owned,homes,increased,first,time,seven,months,december,mortgage,rates,declined,another,hopeful,sign,embattled,housing,market,starting,stabilize,,,,,,,,
india,housing,development,finance,corp,href,https,reuters,companies,hdfc,target,blank,hdfc,hdfc,return,bond,market,months,three,merchant,bankers,said,friday,,,,,,
britain,second,largest,housebuilder,persimmon,href,https,reuters,companies,target,blank,warned,weak,conditions,housing,market,thursday,sharp,rise,mortgage,rates,broader,economic,uncertainty,,,,,
existing,home,sales,plunged,year,december,declining,mortgage,rates,raised,cautious,hope,embattled,housing,market,could,close,finding,floor,,,,,,,,,,
mortgage,applications,people,looking,purchase,homes,fell,lowest,level,years,offering,relief,cooling,housing,market,,,,,,,,,,,,,,
rising,mortgage,rates,caused,housing,market,falter,leading,significant,slowdown,demand,lumber,,,,,,,,,,,,,,,,,
mortgage,rates,falling,month,remain,today,housing,market,conditions,ease,buyers,find,affordability,year,,,,,,,,,,,,,,,
housing,market,remains,doldrums,declining,sales,inventory,prices,khater,chief,economist,freddie,said,,,,,,,,,,,,,,,,
might,assume,home,prices,would,decline,area,recently,wrecked,hurricane,study,finds,opposite,true,post,storm,price,hikes,could,major,driver,known,climate,gentrification,read,,,,
real,estate,broker,compass,href,https,reuters,companies,comp,target,blank,comp,said,thursday,would,jobs,deal,downturn,housing,market,target,becoming,free,cash,flow,positive,,,
investor,confidence,could,severely,dented,housing,markets,rolling,economy,entering,recession,corporate,profits,starting,fall,,,,,,,,,,,,,,
bursting,global,housing,bubble,likely,painful,economic,knock,effect,decline,equities,grantham,said,,,,,,,,,,,,,,,,
jonathan,miller,everyone,trusts,explain,heck,going,home,prices,,,,,,,,,,,,,,,,,,,,
housing,largest,measure,consumer,price,index,making,single,influential,component,inflation,,,,,,,,,,,,,,,,,,
asking,prices,british,homes,rose,first,time,months,housing,market,showed,signs,calming,turmoil,triggered,former,prime,minister,truss,mini,budget,property,website,rightmove,href,https,reuters,,
confidence,among,single,family,homebuilders,improved,first,time,year,january,potentially,signaling,housing,slump,reached,point,even,construction,firms,sentiment,remains,decidedly,bearish,,,,,,
india,housing,development,finance,corp,href,https,reuters,companies,hdfc,target,blank,hdfc,plans,raise,least,billion,rupees,million,sale,bonds,maturing,years,three,merchant,bankers,said,,
first,licensed,marijuana,store,york,opened,thursday,year,state,legalized,drug,delays,setting,legal,market,benefit,people,previously,arrested,marijuana,crimes,,,,,,,,
halifax,reports,average,house,prices,fell,december,pulling,annual,growth,annual,house,price,growth,continued,slow,december,activity,softens,market,gradually,returns,something,closer,used,,,,
california,latest,string,states,cities,save,renters,money,repeated,application,fees,legal,attorneys,laws,proving,difficult,enforce,,,,,,,,,,,,
developers,mortgage,lenders,local,governments,take,steps,ensure,people,affordable,housing,,,,,,,,,,,,,,,,,,
house,prices,likely,fall,around,peak,could,steeper,declines,west,coast,bank,warned,,,,,,,,,,,,,,,,
china,boost,financing,good,quality,property,developers,roll,billion,yuan,billion,support,plan,rental,housing,loans,official,xinhua,news,agency,said,friday,,,,,,,
construction,spending,unexpectedly,rebounded,november,lifted,gains,nonresidential,structures,single,family,homebuilding,continued,hammered,higher,mortgage,rates,,,,,,,,,,,,
housing,companies,blocked,development,work,unless,agree,cladding,removal,repairs,unsafe,multi,storey,buildings,bill,totalling,billion,pounds,billion,british,government,said,monday,,,,,,
people,paying,month,rent,explore,options,could,help,housing,coststhe,cost,renting,home,soared,prompting,tenants,seek,cheaper,options,could,save,thousands,pounds,year,cost,,,,
mortgage,rates,could,remain,high,inflation,indicators,stay,prices,rebound,fannie,said,sees,mild,recession,,,,,,,,,,,,,,
prospective,buyers,lamented,torrid,pace,canada,real,estate,market,moved,recent,years,many,feel,year,luck,changes,,,,,,,,,,,,
shares,chinese,property,developers,climbed,friday,lifted,state,support,measures,bolster,highly,indebted,sector,china,prepares,reopen,pandemic,economy,,,,,,,,,,
british,house,prices,look,track,fall,around,economists,japanese,bank,nomura,said,thursday,severe,drop,forecasters,projected,,,,,,,,,,,,
federal,reserve,continues,inflation,fighting,tightrope,market,moves,suggest,investors,feeling,ease,central,bank,actions,necessarily,good,thing,,,,,,,,,,,
bofa,issued,double,upgrade,zillow,rating,underperform,bumped,price,objective,share,,,,,,,,,,,,,,,,,,
number,americans,filing,claims,unemployment,benefits,unexpectedly,fell,last,week,suggesting,labor,market,remains,tight,despite,higher,interest,rates,,,,,,,,,,
third,week,mortgage,interest,rates,fell,triggering,increase,mortgage,applications,,,,,,,,,,,,,,,,,,,
highly,paid,remote,workers,drove,house,prices,pandemic,flocking,cities,easier,build,cheaper,homes,,,,,,,,,,,,,,,
china,central,bank,banking,insurance,regulator,established,dynamic,adjustment,mechanism,mortgage,rates,first,time,home,buyers,central,bank,said,thursday,support,property,sector,,,,,,
china,property,sector,fell,year,earlier,value,added,data,national,bureau,statistics,showed,wednesday,heaping,pressure,policymakers,revive,sluggish,sector,,,,,,,,,
country,real,wealth,lies,equality,environment,happiness,,,,,,,,,,,,,,,,,,,,,,
british,house,prices,registered,widespread,falls,years,last,month,buyer,demand,sales,activity,weakened,sharply,expected,face,higher,borrowing,costs,risk,recession,survey,showed,thursday,,,,
british,annual,house,price,growth,marked,sharp,slowdown,december,mortgage,lender,nationwide,said,friday,adding,final,month,also,prices,record,worst,since,monthly,basis,,,,,
investors,foresee,federal,open,market,committee,downshifting,rate,hikes,february,march,,,,,,,,,,,,,,,,,,
economy,maintained,strong,pace,growth,december,unemployment,rate,falling,higher,borrowing,costs,federal,reserve,fights,inflation,could,labor,market,momentum,slowing,significantly,year,,,,,,
number,americans,filing,claims,unemployment,benefits,dropped,three,month,last,week,layoffs,fell,december,pointing,tight,labor,market,could,require,federal,reserve,keep,hiking,interest,rates,,,
foreigners,banned,buying,homes,canada,canada,housing,foreign,buyers,know,news,federal,foreign,homebuyers,takes,effect,watch,news,videos,online,global,news,canada,,,,,,
solution,home,prices,fall,glenn,kelman,said,struggle,millennial,homebuyers,face,barron,live,podcast,episode,,,,,,,,,,,,,,
owning,home,still,cornerstone,american,dream,many,build,wealth,happens,pandemic,economic,headwinds,make,feel,reach,,,,,,,,,,,,,
rents,soared,across,country,certain,codes,reached,heights,average,rent,bedroom,apartment,,,,,,,,,,,,,,,,,
ultra,rates,desire,room,lockdown,drove,house,prices,heights,many,moved,sufferingin,summer,british,society,emerged,months,covid,lockdown,housing,market,reopened,,,,,,,
supreme,court,monday,declined,hear,multi,billion,dollar,case,pursued,shareholders,fannie,freddie,arising,federal,government,takeover,mortgage,finance,firms,financial,crisis,,,,,,,
property,crashing,everywhere,except,singapore,asian,city,state,private,residential,prices,year,year,according,third,quarter,data,knight,frank,sharp,contrast,major,cities,like,hong,kong,sydney,,
mortgage,rates,fall,inflation,slows,millennials,could,revive,housing,market,year,,,,,,,,,,,,,,,,,,
market,historian,cofounder,blasted,bitcoin,warned,global,housing,slump,underlined,dangers,bear,market,rallies,,,,,,,,,,,,,,,
everything,goes,must,come,inflation,made,hard,believe,last,year,prices,went,expected,come,year,inflation,peaked,june,gradu,,,,,,,,,,
housebuilder,also,cuts,land,purchases,forced,scrap,proposals,plots,business,live,updates,marked,slowdown,housing,market,britain,largest,housebuilder,barratt,developments,introduced,hiring,freeze,,,,,
insider,phil,rosen,explains,latest,housing,lumber,data,suggest,home,market,,,,,,,,,,,,,,,,,,
bank,announced,significantly,shifting,focus,taking,step,back,housing,market,,,,,,,,,,,,,,,,,,,
modest,drop,mortgage,rates,past,month,helped,home,builder,confidence,improve,january,consecutive,months,falling,according,survey,released,wednesday,,,,,,,,,,
contracts,previously,owned,homes,increased,first,time,seven,months,december,mortgage,rates,declined,another,hopeful,sign,embattled,housing,market,starting,stabilize,,,,,,,,
india,housing,development,finance,corp,href,https,reuters,companies,hdfc,target,blank,hdfc,hdfc,return,bond,market,months,three,merchant,bankers,said,friday,,,,,,
britain,second,largest,housebuilder,persimmon,href,https,reuters,companies,target,blank,warned,weak,conditions,housing,market,thursday,sharp,rise,mortgage,rates,broader,economic,uncertainty,,,,,
existing,home,sales,plunged,year,december,declining,mortgage,rates,raised,cautious,hope,embattled,housing,market,could,close,finding,floor,,,,,,,,,,
mortgage,applications,people,looking,purchase,homes,fell,lowest,level,years,offering,relief,cooling,housing,market,,,,,,,,,,,,,,
rising,mortgage,rates,caused,housing,market,falter,leading,significant,slowdown,demand,lumber,,,,,,,,,,,,,,,,,
mortgage,rates,falling,month,remain,today,housing,market,conditions,ease,buyers,find,affordability,year,,,,,,,,,,,,,,,
housing,market,remains,doldrums,declining,sales,inventory,prices,khater,chief,economist,freddie,said,,,,,,,,,,,,,,,,
might,assume,home,prices,would,decline,area,recently,wrecked,hurricane,study,finds,opposite,true,post,storm,price,hikes,could,major,driver,known,climate,gentrification,read,,,,
real,estate,broker,compass,href,https,reuters,companies,comp,target,blank,comp,said,thursday,would,jobs,deal,downturn,housing,market,target,becoming,free,cash,flow,positive,,,
investor,confidence,could,severely,dented,housing,markets,rolling,economy,entering,recession,corporate,profits,starting,fall,,,,,,,,,,,,,,
bursting,global,housing,bubble,likely,painful,economic,knock,effect,decline,equities,grantham,said,,,,,,,,,,,,,,,,
jonathan,miller,everyone,trusts,explain,heck,going,home,prices,,,,,,,,,,,,,,,,,,,,
housing,largest,measure,consumer,price,index,making,single,influential,component,inflation,,,,,,,,,,,,,,,,,,
asking,prices,british,homes,rose,first,time,months,housing,market,showed,signs,calming,turmoil,triggered,former,prime,minister,truss,mini,budget,property,website,rightmove,href,https,reuters,,
confidence,among,single,family,homebuilders,improved,first,time,year,january,potentially,signaling,housing,slump,reached,point,even,construction,firms,sentiment,remains,decidedly,bearish,,,,,,
india,housing,development,finance,corp,href,https,reuters,companies,hdfc,target,blank,hdfc,plans,raise,least,billion,rupees,million,sale,bonds,maturing,years,three,merchant,bankers,said,,
first,licensed,marijuana,store,york,opened,thursday,year,state,legalized,drug,delays,setting,legal,market,benefit,people,previously,arrested,marijuana,crimes,,,,,,,,
halifax,reports,average,house,prices,fell,december,pulling,annual,growth,annual,house,price,growth,continued,slow,december,activity,softens,market,gradually,returns,something,closer,used,,,,
california,latest,string,states,cities,save,renters,money,repeated,application,fees,legal,attorneys,laws,proving,difficult,enforce,,,,,,,,,,,,
developers,mortgage,lenders,local,governments,take,steps,ensure,people,affordable,housing,,,,,,,,,,,,,,,,,,
house,prices,likely,fall,around,peak,could,steeper,declines,west,coast,bank,warned,,,,,,,,,,,,,,,,
china,boost,financing,good,quality,property,developers,roll,billion,yuan,billion,support,plan,rental,housing,loans,official,xinhua,news,agency,said,friday,,,,,,,
construction,spending,unexpectedly,rebounded,november,lifted,gains,nonresidential,structures,single,family,homebuilding,continued,hammered,higher,mortgage,rates,,,,,,,,,,,,
housing,companies,blocked,development,work,unless,agree,cladding,removal,repairs,unsafe,multi,storey,buildings,bill,totalling,billion,pounds,billion,british,government,said,monday,,,,,,
people,paying,month,rent,explore,options,could,help,housing,coststhe,cost,renting,home,soared,prompting,tenants,seek,cheaper,options,could,save,thousands,pounds,year,cost,,,,
mortgage,rates,could,remain,high,inflation,indicators,stay,prices,rebound,fannie,said,sees,mild,recession,,,,,,,,,,,,,,
prospective,buyers,lamented,torrid,pace,canada,real,estate,market,moved,recent,years,many,feel,year,luck,changes,,,,,,,,,,,,
shares,chinese,property,developers,climbed,friday,lifted,state,support,measures,bolster,highly,indebted,sector,china,prepares,reopen,pandemic,economy,,,,,,,,,,
british,house,prices,look,track,fall,around,economists,japanese,bank,nomura,said,thursday,severe,drop,forecasters,projected,,,,,,,,,,,,
federal,reserve,continues,inflation,fighting,tightrope,market,moves,suggest,investors,feeling,ease,central,bank,actions,necessarily,good,thing,,,,,,,,,,,
bofa,issued,double,upgrade,zillow,rating,underperform,bumped,price,objective,share,,,,,,,,,,,,,,,,,,
number,americans,filing,claims,unemployment,benefits,unexpectedly,fell,last,week,suggesting,labor,market,remains,tight,despite,higher,interest,rates,,,,,,,,,,
third,week,mortgage,interest,rates,fell,triggering,increase,mortgage,applications,,,,,,,,,,,,,,,,,,,
highly,paid,remote,workers,drove,house,prices,pandemic,flocking,cities,easier,build,cheaper,homes,,,,,,,,,,,,,,,
china,central,bank,banking,insurance,regulator,established,dynamic,adjustment,mechanism,mortgage,rates,first,time,home,buyers,central,bank,said,thursday,support,property,sector,,,,,,
china,property,sector,fell,year,earlier,value,added,data,national,bureau,statistics,showed,wednesday,heaping,pressure,policymakers,revive,sluggish,sector,,,,,,,,,
country,real,wealth,lies,equality,environment,happiness,,,,,,,,,,,,,,,,,,,,,,
british,house,prices,registered,widespread,falls,years,last,month,buyer,demand,sales,activity,weakened,sharply,expected,face,higher,borrowing,costs,risk,recession,survey,showed,thursday,,,,
british,annual,house,price,growth,marked,sharp,slowdown,december,mortgage,lender,nationwide,said,friday,adding,final,month,also,prices,record,worst,since,monthly,basis,,,,,
investors,foresee,federal,open,market,committee,downshifting,rate,hikes,february,march,,,,,,,,,,,,,,,,,,
economy,maintained,strong,pace,growth,december,unemployment,rate,falling,higher,borrowing,costs,federal,reserve,fights,inflation,could,labor,market,momentum,slowing,significantly,year,,,,,,
number,americans,filing,claims,unemployment,benefits,dropped,three,month,last,week,layoffs,fell,december,pointing,tight,labor,market,could,require,federal,reserve,keep,hiking,interest,rates,,,
foreigners,banned,buying,homes,canada,canada,housing,foreign,buyers,know,news,federal,foreign,homebuyers,takes,effect,watch,news,videos,online,global,news,canada,,,,,,
solution,home,prices,fall,glenn,kelman,said,struggle,millennial,homebuyers,face,barron,live,podcast,episode,,,,,,,,,,,,,,
owning,home,still,cornerstone,american,dream,many,build,wealth,happens,pandemic,economic,headwinds,make,feel,reach,,,,,,,,,,,,,
rents,soared,across,country,certain,codes,reached,heights,average,rent,bedroom,apartment,,,,,,,,,,,,,,,,,
ultra,rates,desire,room,lockdown,drove,house,prices,heights,many,moved,sufferingin,summer,british,society,emerged,months,covid,lockdown,housing,market,reopened,,,,,,,
supreme,court,monday,declined,hear,multi,billion,dollar,case,pursued,shareholders,fannie,freddie,arising,federal,government,takeover,mortgage,finance,firms,financial,crisis,,,,,,,
property,crashing,everywhere,except,singapore,asian,city,state,private,residential,prices,year,year,according,third,quarter,data,knight,frank,sharp,contrast,major,cities,like,hong,kong,sydney,,
none,,,,,,,,,,,,,,,,,,,,,,,,,,,,
bofa,anticipating,drop,year,mortgage,rate,year,move,favorable,homebuilding,stocks,,,,,,,,,,,,,,,,,,
dollar,staring,fourth,straight,session,losses,euro,monday,hawkish,comments,european,interest,rates,contrasted,market,pricing,less,aggressive,federal,reserve,,,,,,,,,
demand,homes,gone,throughout,country,particularly,certain,places,seattle,tampa,florida,,,,,,,,,,,,,,,,,,
multiple,important,refinance,rates,dropped,today,interest,rate,hikes,affected,refinance,market,,,,,,,,,,,,,,,,,
multiple,benchmark,refinance,rates,declined,today,interest,rate,hikes,affected,refinance,market,,,,,,,,,,,,,,,,,
history,show,everyone,side,usually,wrong,wharton,professor,jeremy,siegel,said,,,,,,,,,,,,,,,,,,
housing,price,collapse,coalition,renters,mortgage,holders,emerge,would,doom,conservative,electoral,basethe,conservative,party,good,reason,think,vote,safe,house,prices,victory,could,ascribe,,,,
least,million,people,plan,real,estate,markets,shown,significant,resilience,home,prices,decline,nationwide,,,,,,,,,,,,,,,
hopes,glengarry,affordable,woodland,homes,scheme,could,provide,answers,scotland,rural,housing,crisis,exciting,said,colin,grant,fifth,generation,farmer,glengarry,near,fort,william,grant,seen,community,dwindle,decades
protections,impact,million,households,come,time,demand,rental,units,near,time,high,,,,,,,,,,,,,,,,,
none,,,,,,,,,,,,,,,,,,,,,,,,,,,,
several,benchmark,refinance,rates,ticked,downward,today,interest,rate,hikes,affected,refinance,market,,,,,,,,,,,,,,,,
refinance,rates,mixed,rate,increased,interest,rate,hikes,affected,refinance,market,,,,,,,,,,,,,,,,,,
refinance,rates,mixed,rate,ticked,interest,rate,hikes,affected,refinance,market,,,,,,,,,,,,,,,,,,
multiple,benchmark,refinance,rates,fell,week,interest,rate,hikes,affected,refinance,market,,,,,,,,,,,,,,,,,
posted,worst,loss,since,market,great,recession,according,oppenheimer,,,,,,,,,,,,,,,,,,,,
single,home,sold,november,according,real,estate,data,census,bureau,,,,,,,,,,,,,,,,,,,
blaming,housing,crisis,hedge,funds,private,equity,easy,dead,wrong,,,,,,,,,,,,,,,,,,,
property,market,defied,gravity,years,analysts,rising,mortgage,rates,mirror,price,crashbritain,estate,agents,normally,radiate,optimism,watching,anxiously,noon,next,thursday,bank,england,expect,,,,
multiple,benchmark,refinance,rates,ticked,last,week,market,refi,good,time,assess,options,,,,,,,,,,,,,,,,
several,refinance,rates,sunk,today,market,refi,good,time,assess,options,,,,,,,,,,,,,,,,,,
several,benchmark,refinance,rates,plummeted,week,interest,rate,hikes,last,year,affected,refinance,market,,,,,,,,,,,,,,,
figure,comes,property,values,drop,december,decline,novemberthe,average,house,price,fell,fourth,month,december,according,halifax,property,values,decreased,december,,,,,,,,
economy,likely,maintained,solid,pace,wage,growth,december,rising,borrowing,costs,federal,reserve,fights,inflation,could,slow,labor,market,momentum,significantly,year,,,,,,,
said,inflation,fall,quickly,would,likely,mean,would,begin,cutting,rates,earlier,currently,anticipate,,,,,,,,,,,,,,,
average,interest,rate,popular,home,loan,dropped,lowest,level,since,september,evidence,inflation,past,peak,sent,treasury,yields,lower,data,mortgage,bankers,association,showed,wednesday,,,,
export,oriented,ftse,edged,higher,monday,banks,life,insurance,companies,among,gainers,investors,looked,ahead,week,lined,domestic,economic,data,including,inflation,,,,,,,
major,gulf,markets,ended,higher,sunday,reflecting,friday,rise,prices,driven,prospects,upbeat,economic,growth,outlook,china,could,signal,increased,fuel,demand,world,second,largest,economy,,,
mortgage,rates,remain,today,rates,continue,fall,homebuyers,likely,start,enter,market,,,,,,,,,,,,,,,,,
britain,construction,sector,stagnated,last,year,home,building,particularly,hard,face,rising,borrowing,costs,survey,showed,thursday,,,,,,,,,,,,
prologis,execs,said,headlines,economic,gloom,disconnected,industrial,warehouse,business,time,around,,,,,,,,,,,,,,,,,
stock,market,live,news,updates,stocks,lower,final,trading,yahoo,canada,finance,nasdaq,back,brink,worst,december,ever,angst,dims,bloomberg,stocks,fall,treasury,yields,rise,upon,final,
measure,enacted,tackle,pressing,issue,housing,affordability,country,,,,,,,,,,,,,,,,,,,,,
china,deeply,troubled,property,sector,home,sales,fall,second,straight,year,pace,declines,ease,thanks,state,support,measures,lifting,government,strict,anti,covid,policies,,,,,
mortgage,rates,relatively,today,compared,recent,peaks,many,would,homebuyers,enter,market,,,,,,,,,,,,,,,,,
amidst,climate,energy,crisis,heat,pumps,emerged,housing,heating,market,technology,replace,lowering,energy,bills,compression,systems,require,refrigerants,work,refrigerants,,,,,,,,
universities,using,massive,endowments,boosted,hefty,tuition,dollars,invest,commercial,real,estate,property,values,fall,,,,,,,,,,,,,,
cool,live,downtown,downtown,shut,ghost,town,still,bounced,back,office,buildings,forth,katsaros,said,,,,,,,,,,,,,,
cuts,cuts,reason,burry,tweeted,,,,,,,,,,,,,,,,,,,,,,,,
dallas,federal,reserve,bank,president,lorie,logan,wednesday,laid,case,slowing,pace,central,bank,interest,rate,hikes,better,calibrate,monetary,policy,uncertain,economic,outlook,signaled,rates,could,ultimately,
christian,lawrence,advocates,modular,home,construction,says,cheaper,quicker,less,wasteful,traditional,methods,,,,,,,,,,,,,,,,
britain,services,sector,ended,lacklustre,fashion,orders,falling,hiring,frozen,december,according,survey,thursday,highlighted,likelihood,britain,already,recession,,,,,,,,,,
